email	password	first_name	last_name	nickname	postal_code	phone_number	phone_type	to_share
usr001@gt.edu	pass001	Justine	Haroldson	abiding pickle	34114	1897960252	Home	1
usr002@gt.edu	pass002	Stephaine	Halsey	nondescript girl	35048	8287436390	Work	1
usr003@gt.edu	pass003	Marguerita	Stuer	calculating straw	21911	5955174920	Work	0
usr004@gt.edu	pass004	Tiffiny	Maile	teeny songs	02128			
usr005@gt.edu	pass005	Gearldine	Gehrett	cagey side	71463	1517399027	Work	1
usr006@gt.edu	pass006	Raul	Paskin	clever side	52032	2439079764	Home	0
usr007@gt.edu	pass007	Ceola	Tollner	purring toy	12742	0543694973	Home	1
usr008@gt.edu	pass008	Maryann	Diestel	abiding houses	27546	0123251352	Home	0
usr009@gt.edu	pass009	Maile	Riopelle	handsome bone	12082	0138741962	Work	0
usr010@gt.edu	pass010	Alisha	Bergesen	unsightly bead	35225	8421835141	Mobile	0
usr011@gt.edu	pass011	Angella	Maclead	remarkable linen	84106	0512856470	Work	0
usr012@gt.edu	pass012	Carlee	Arias	acceptable planes	59419	5943281280	Home	0
usr013@gt.edu	pass013	Danica	Francescon	lyrical match	82721	5198589566	Home	0
usr014@gt.edu	pass014	Kayleigh	Toelkes	habitual temper	84116	1601490397	Mobile	1
usr015@gt.edu	pass015	Alesia	Acey	cute coil	18706	3955814301	Home	0
usr016@gt.edu	pass016	Portia	Menter	capricious test	25969			
usr017@gt.edu	pass017	Helene	Hoa	sloppy snakes	25802	0374022734	Home	0
usr018@gt.edu	pass018	Ressie	Merced	hurried veil	55380			
usr019@gt.edu	pass019	Sarah	Tomblin	craven stage	04926	5544583107	Mobile	0
usr020@gt.edu	pass020	Yvonne	Ehmann	furtive clam	45233	4286553016	Mobile	0
usr021@gt.edu	pass021	Howard	Demesa	future train	30518	4963453607	Mobile	1
usr022@gt.edu	pass022	Alline	Harabedian	kind pipe	12949	2806560776	Mobile	0
usr023@gt.edu	pass023	Latrice	Klang	accurate talk	99741			
usr024@gt.edu	pass024	Galen	Vanausdal	same apparatus	26147			
usr025@gt.edu	pass025	Gregoria	Moyd	craven slip	72769			
usr026@gt.edu	pass026	Leonora	Vanausdal	absorbing cats	71373	3955024572	Work	1
usr027@gt.edu	pass027	Selma	Degroot	electric grape	49643	2420949427	Work	0
usr028@gt.edu	pass028	Lauran	Bolognia	wonderful riddle	62639			
usr029@gt.edu	pass029	Lorean	Zepp	ritzy talk	88437	6695887168	Home	0
usr030@gt.edu	pass030	Melissa	Tollner	silent ship	29260	7269502374	Work	0
usr031@gt.edu	pass031	Talia	Vanheusen	ad hoc record	06493	4603071357	Mobile	0
usr032@gt.edu	pass032	Matthew	Gillian	amusing war	87503			
usr033@gt.edu	pass033	Raymon	Mcdoniel	worried selection	49329	1212878868	Work	0
usr034@gt.edu	pass034	Gail	Moyd	eatable quince	63345	7787026399	Home	0
usr035@gt.edu	pass035	Luisa	Foller	towering coast	87041	5368450768	Home	1
usr036@gt.edu	pass036	Cory	Fillingim	gigantic pipe	52742	8976949335	Mobile	0
usr037@gt.edu	pass037	Tawna	Brideau	necessary shape	38352	6933182506	Work	0
usr038@gt.edu	pass038	Chau	Springe	halting kick	27545	9742517917	Mobile	1
usr039@gt.edu	pass039	Mitzie	Estell	massive songs	65705	7652029155	Mobile	1
usr040@gt.edu	pass040	Salome	Layous	cheap clover	76701	9286642081	Work	0
usr041@gt.edu	pass041	Helene	Fritz	damaged cheese	63377	7903170518	Home	1
usr042@gt.edu	pass042	Scarlet	Parvis	kind pipe	81324	5485144981	Work	0
usr043@gt.edu	pass043	Glen	Caiafa	tight coast	46535	6101645939	Work	0
usr044@gt.edu	pass044	Corinne	Hengel	furtive slip	03076	5921874068	Home	1
usr045@gt.edu	pass045	Kirk	Knipp	makeshift squirrel	25302	7816630102	Work	1
usr046@gt.edu	pass046	Rosio	Cetta	glamorous flower	64741			
usr047@gt.edu	pass047	Glenn	Pinilla	even war	75687	1213156541	Mobile	0
usr048@gt.edu	pass048	Lenna	Slusarski	large error	45775			
usr049@gt.edu	pass049	Theola	Barfield	encouraging blood	53027	6162233955	Mobile	1
usr050@gt.edu	pass050	Kayleigh	Kampa	special hook	07444	2702404760	Work	0
usr051@gt.edu	pass051	Evangelina	Kalafatis	barbarous coach	32201	6271903990	Work	1
usr052@gt.edu	pass052	Jess	Wiklund	embarrassed cats	30281			
usr053@gt.edu	pass053	Terrilyn	Swayze	troubled blow	61063			
usr054@gt.edu	pass054	Larae	Rodefer	poor peace	06109			
usr055@gt.edu	pass055	Terrilyn	Discipio	cheap clover	28349	7650003880	Home	1
usr056@gt.edu	pass056	Tegan	Wolfgramm	mighty basketball	47272	3746219609	Mobile	1
usr057@gt.edu	pass057	Clay	Darakjy	disillusioned honey	25645	1220156305	Home	0
usr058@gt.edu	pass058	Alex	Kiel	calculating stamp	04735	9459614245	Mobile	1
usr059@gt.edu	pass059	Luisa	Rhym	madly burst	02071	4997832723	Home	1
usr060@gt.edu	pass060	Felix	Mconnell	shaggy train	87578	5586242944	Mobile	0
usr061@gt.edu	pass061	Twana	Sweely	hurried low	29828	8553557420	Mobile	0
usr062@gt.edu	pass062	Avery	Monterrubio	sulky low	04730	8861785992	Home	1
usr063@gt.edu	pass063	Glendora	Malvin	sparkling letter	83274	3747685351	Mobile	1
usr064@gt.edu	pass064	Annabelle	Martabano	even war	61311	2837479001	Home	0
usr065@gt.edu	pass065	Tonette	Polidori	polite digestion	00660	7141745857	Home	0
usr066@gt.edu	pass066	Peggie	Boulter	shaggy price	78728	7416973843	Work	1
usr067@gt.edu	pass067	Cecil	Agramonte	bitter crook	78259			
usr068@gt.edu	pass068	Lili	Latzke	excellent pets	48353	4565606046	Mobile	1
usr069@gt.edu	pass069	Josephine	Dorshorst	ruthless woman	50218	1869776216	Home	1
usr070@gt.edu	pass070	Geoffrey	Funnell	stimulating crate	76704	4182892151	Home	0
usr071@gt.edu	pass071	Fannie	Schmaltz	acid jam	49919	1121436374	Mobile	1
usr072@gt.edu	pass072	Sharen	Royster	breezy curve	85053	8947833483	Work	1
usr073@gt.edu	pass073	Daron	Maclead	stiff coat	56273	6756439115	Home	0
usr074@gt.edu	pass074	Ezekiel	Steffensmeier	glorious pen	96021	1738579318	Home	1
usr075@gt.edu	pass075	Chau	Yaw	calculating cherries	13346	3997746266	Work	0
usr076@gt.edu	pass076	Rasheeda	Lawler	stupid form	95678			
usr077@gt.edu	pass077	Novella	Ankeny	grubby snakes	48175	0292404207	Home	0
usr078@gt.edu	pass078	Antione	Heimann	foamy pickle	93420	1741175611	Home	1
usr079@gt.edu	pass079	Minna	Hoopengardner	complex coat	80602			
usr080@gt.edu	pass080	Dean	Klusman	lyrical mom	23288	9501413800	Home	0
usr081@gt.edu	pass081	Earleen	Daufeldt	electric system	10915			
usr082@gt.edu	pass082	Erick	Ragel	healthy loaf	49647			
usr083@gt.edu	pass083	Rickie	Fishburne	large purpose	78548	1425320831	Home	0
usr084@gt.edu	pass084	Quentin	Motley	versed ship	63385	8925476517	Work	1
usr085@gt.edu	pass085	Pamella	Tolfree	glamorous flower	07753	2723196979	Mobile	1
usr086@gt.edu	pass086	Valentine	Scriven	poor food	76206			
usr087@gt.edu	pass087	Rolland	Dickerson	substantial bone	96108			
usr088@gt.edu	pass088	Jesusa	Fern	towering crime	00739	5662244391	Mobile	0
usr089@gt.edu	pass089	Kattie	Buzick	habitual seat	52351	1123545217	Work	1
usr090@gt.edu	pass090	Marjory	Dubaldi	hurried beds	95103	5459135481	Work	0
usr091@gt.edu	pass091	Dulce	Tolfree	uninterested stamp	79740	3851749960	Work	0
usr092@gt.edu	pass092	Reita	Karpin	maniacal arm	79381			
usr093@gt.edu	pass093	Celeste	Julia	same library	57217	1462263236	Work	1
usr094@gt.edu	pass094	Salena	Cronauer	hanging children	24501			
usr095@gt.edu	pass095	Jina	Rim	same selection	25173	4282436077	Mobile	1
usr096@gt.edu	pass096	Pamella	Heintzman	chivalrous form	02715			
usr097@gt.edu	pass097	Alpha	Glick	clever tent	74955			
usr098@gt.edu	pass098	Maurine	Pontoriero	early cats	58068	1846786620	Work	1
usr099@gt.edu	pass099	Joesph	Shire	scrawny chalk	21651	6911112661	Mobile	0
usr100@gt.edu	pass100	Micaela	Fillingim	electric jar	57717	5873278727	Work	1
usr101@gt.edu	pass101	Laurel	Mirafuentes	incredible hook	29233	0930961151	Work	0
usr102@gt.edu	pass102	Delisa	Estell	penitent clam	35969	2793575553	Work	1
usr103@gt.edu	pass103	Ozell	Dinos	cool cherries	18063	5619273867	Mobile	0
usr104@gt.edu	pass104	Tiffiny	Kalafatis	powerful middle	49442			
usr105@gt.edu	pass105	Malcolm	Rentfro	likeable vegetable	72923			
usr106@gt.edu	pass106	Gary	Adkin	daffy toothbrush	52309	8242149023	Mobile	0
usr107@gt.edu	pass107	Staci	Dhamer	breezy umbrella	15901	2843700445	Work	1
usr108@gt.edu	pass108	Alesia	Nestle	remarkable battle	12996			
usr109@gt.edu	pass109	Tasia	Buemi	finicky trail	21062	2677394973	Mobile	0
usr110@gt.edu	pass110	Elvera	Kusko	quick toothpaste	71008	4623361249	Mobile	1
usr111@gt.edu	pass111	Alecia	Palaia	sticky dress	38074	2498927678	Mobile	1
usr112@gt.edu	pass112	Jesusita	Varriano	finicky religion	30018	5668747561	Work	0
usr113@gt.edu	pass113	Felix	Fishburne	tested roll	07879	1230781961	Mobile	0
usr114@gt.edu	pass114	Daniela	Upthegrove	earsplitting apparatus	12844	7680128975	Mobile	0
usr115@gt.edu	pass115	Justine	Pedrozo	stupid bird	83641	7986499311	Home	0
usr116@gt.edu	pass116	Kenneth	Paskin	sulky battle	97488			
usr117@gt.edu	pass117	Daron	Kohnert	complex fang	30304	0726624707	Work	1
usr118@gt.edu	pass118	Emerson	Halter	defiant system	54156	4237453679	Home	1
usr119@gt.edu	pass119	Claribel	Haufler	obedient sun	59087			
usr120@gt.edu	pass120	Elza	Keneipp	volatile verse	73440	1224819741	Work	0
usr121@gt.edu	pass121	Beckie	Spickerman	makeshift grain	50249	0293383598	Home	0
usr122@gt.edu	pass122	Rodolfo	Skursky	acid side	36507	6147766741	Home	1
usr123@gt.edu	pass123	Alease	Francescon	cheap circle	04034	3824242086	Mobile	1
usr124@gt.edu	pass124	Jani	Frey	delicious gold	25607	4568890469	Work	0
usr125@gt.edu	pass125	Bulah	Biddy	mighty furniture	45827			
usr126@gt.edu	pass126	Carmen	Amigon	glamorous cheese	72650			
usr127@gt.edu	pass127	Mari	Mulqueen	fuzzy quince	61459	1828431446	Work	1
usr128@gt.edu	pass128	Reena	Hollack	psychotic riddle	23879	0675477104	Mobile	1
usr129@gt.edu	pass129	Theola	Samara	milky babies	12778			
usr130@gt.edu	pass130	Kiley	Benimadho	organic bone	16522	8726010572	Mobile	1
usr131@gt.edu	pass131	Devorah	Koppinger	excellent straw	04043	8452632509	Work	0
usr132@gt.edu	pass132	Zona	Paprocki	condemned battle	97351	9481767330	Home	0
usr133@gt.edu	pass133	Lorrie	Francescon	kind blood	87528			
usr134@gt.edu	pass134	Allene	Fredicks	sulky low	92263			
usr135@gt.edu	pass135	Ashlyn	Myricks	maniacal book	73097	8589981230	Mobile	1
usr136@gt.edu	pass136	Fletcher	Menter	guttural flight	47869			
usr137@gt.edu	pass137	Arlene	Strassner	stupid foot	93950	6466314877	Mobile	1
usr138@gt.edu	pass138	Eladia	Honeywell	amused creator	28347			
usr139@gt.edu	pass139	Beckie	Polidori	unbecoming man	56279			
usr140@gt.edu	pass140	Theola	Gochal	capricious crayon	77661	3388598788	Mobile	1
usr141@gt.edu	pass141	Rasheeda	Rhym	long-term credit	59537	4950167478	Work	0
usr142@gt.edu	pass142	Rodolfo	Parlato	grubby believe	25115	9694339475	Mobile	0
usr143@gt.edu	pass143	Audry	Cousey	absurd collar	98390	7110097609	Work	1
usr144@gt.edu	pass144	Mona	Strassner	embarrassed authority	03053			
usr145@gt.edu	pass145	Howard	Eroman	wandering spy	27601	9508807239	Home	0
usr146@gt.edu	pass146	Fannie	Gehrett	cool circle	52135	5175793829	Work	0
usr147@gt.edu	pass147	Avery	Ogg	acid silver	67621	0184269959	Home	1
usr148@gt.edu	pass148	Lashaunda	Gotter	hideous girl	91762			
usr149@gt.edu	pass149	Norah	Mconnell	handsome engine	79858	7424713322	Work	0
usr150@gt.edu	pass150	Serina	Setter	ambitious wheel	25265	3280208409	Work	1
usr151@gt.edu	pass151	Lezlie	Bruschke	unruly robin	56563	1630879554	Work	1
usr152@gt.edu	pass152	Carissa	Deleo	excellent cows	68813			
usr153@gt.edu	pass153	Rolande	Kitty	abiding locket	96118	0232224655	Work	0
usr154@gt.edu	pass154	Glen	Padilla	glamorous cheese	04615			
usr155@gt.edu	pass155	Carlee	Malet	sloppy book	85439	5756374989	Mobile	0
usr156@gt.edu	pass156	Leonida	Zepp	awake dime	79358	4186574443	Work	1
usr157@gt.edu	pass157	Willard	Dewar	fixed van	29351	1833298422	Home	1
usr158@gt.edu	pass158	Charlene	Matuszak	unbecoming man	22644			
usr159@gt.edu	pass159	Gail	Patak	excellent stamp	50635	6689461636	Home	0
usr160@gt.edu	pass160	Serina	Dallen	rude step	72845	4221916748	Work	0
usr161@gt.edu	pass161	Sabra	Weirather	hanging sun	94250			
usr162@gt.edu	pass162	Francine	Hoffis	closed pen	63801			
usr163@gt.edu	pass163	Charlene	Patak	abnormal railway	04691	7272533693	Mobile	1
usr164@gt.edu	pass164	Angella	Campain	early flower	84151			
usr165@gt.edu	pass165	Willow	Bitsuie	sneaky cannon	25529			
usr166@gt.edu	pass166	Flo	Hoogland	optimal bait	59002	3690748602	Work	0
usr167@gt.edu	pass167	Karan	Meinerding	craven talk	66749			
usr168@gt.edu	pass168	Melodie	Reitler	absurd collar	20050	0296913340	Mobile	1
usr169@gt.edu	pass169	Lavonda	Stenseth	slow recess	83823	5208740507	Work	0
usr170@gt.edu	pass170	Mattie	Adkin	tacit cart	54447	5255625676	Mobile	0
usr171@gt.edu	pass171	Leota	Nabours	eminent price	20507	4527492938	Home	1
usr172@gt.edu	pass172	Jolene	Raymo	foamy pets	67005	1113446628	Home	1
usr173@gt.edu	pass173	Sherita	Burnard	electric pail	92340	2616046765	Work	1
usr174@gt.edu	pass174	Noah	Similton	fearful shape	30343	8388647657	Home	1
usr175@gt.edu	pass175	Diane	Tawil	macho sail	57714	3593888086	Home	0
usr176@gt.edu	pass176	Earleen	Pelkowski	stimulating arm	81069	7943396330	Home	1
usr177@gt.edu	pass177	Laticia	Flosi	closed war	04759	1793520169	Work	0
usr178@gt.edu	pass178	Raylene	Walthall	necessary shape	00626	4792135056	Mobile	0
usr179@gt.edu	pass179	Tawna	Corrington	bumpy vessel	33483	7870621458	Mobile	0
usr180@gt.edu	pass180	Bette	Klusman	remarkable selection	21152	0731892060	Mobile	0
usr181@gt.edu	pass181	Dottie	Knipp	secretive worm	96068	5658810014	Work	0
usr182@gt.edu	pass182	Beckie	Mcdoniel	volatile gold	06914	8585360985	Mobile	0
usr183@gt.edu	pass183	Daren	Cronauer	rightful seashore	91760			
usr184@gt.edu	pass184	Raul	Maynerich	cagey war	83254	1720258038	Work	0
usr185@gt.edu	pass185	Bernardo	Kippley	large error	47929	0916150015	Home	1
usr186@gt.edu	pass186	Carmen	Auffrey	versed mom	57766	7924445972	Mobile	1
usr187@gt.edu	pass187	Lavonna	Greenbush	stimulating sack	30218			
usr188@gt.edu	pass188	Alecia	Slusarski	madly tent	14418	4159396857	Mobile	1
usr189@gt.edu	pass189	Lorrine	Mcdoniel	heady pen	97255	1111482945	Mobile	1
usr190@gt.edu	pass190	Delisa	Perruzza	sad jam	11010	6769681901	Work	0
usr191@gt.edu	pass191	Galen	Oles	defiant loaf	39073			
usr192@gt.edu	pass192	Gladys	Tagala	uninterested health	61615	8141585613	Home	0
usr193@gt.edu	pass193	Salome	Scriven	purring wool	45303			
usr194@gt.edu	pass194	Bobbye	Modzelewski	ritzy van	08092	1427019244	Work	1
usr195@gt.edu	pass195	Tamar	Bilden	abiding locket	33876			
usr196@gt.edu	pass196	Cyril	Rulapaugh	wonderful clover	25714	4922216234	Home	0
usr197@gt.edu	pass197	Malinda	Auber	early cats	60670	4467409962	Work	0
usr198@gt.edu	pass198	Glen	Rim	delicious vessel	73739	4924356644	Work	0
usr199@gt.edu	pass199	Scarlet	Wiklund	dark riddle	13860			
usr200@gt.edu	pass200	Loren	Vanausdal	makeshift squirrel	90637			
usr201@gt.edu	pass201	Jesusa	Isenhower	right bead	33243	1871555949	Home	1
usr202@gt.edu	pass202	Mireya	Birkner	likeable honey	52802	5714670429	Mobile	1
usr203@gt.edu	pass203	Fernanda	Gudroe	hanging children	68138			
usr204@gt.edu	pass204	Nan	Maisto	accurate man	97050			
usr205@gt.edu	pass205	Fabiola	Flister	ubiquitous library	96786	7563894680	Work	1
usr206@gt.edu	pass206	Billye	Iturbide	cute stamp	50674			
usr207@gt.edu	pass207	Justine	Kaniecki	grieving pen	40387	1557391256	Work	1
usr208@gt.edu	pass208	Willodean	Wolny	somber toothpaste	58541	7260089247	Mobile	1
usr209@gt.edu	pass209	Janey	Cartan	hard error	79955	5288833256	Home	0
usr210@gt.edu	pass210	Quentin	Buzick	outrageous beef	20721	8177848082	Mobile	1
usr211@gt.edu	pass211	Ciara	Patak	stupid earth	49512	0330658816	Mobile	0
usr212@gt.edu	pass212	Lucy	Knipp	cool circle	36260			
usr213@gt.edu	pass213	Kirk	Papasergi	sneaky peace	38388			
usr214@gt.edu	pass214	Lenna	Batman	incredible men	82007	8178390130	Work	0
usr215@gt.edu	pass215	Reena	Lukasik	towering crime	11972	9659878308	Work	0
usr216@gt.edu	pass216	Estrella	Cousey	encouraging blood	78209			
usr217@gt.edu	pass217	Bernardine	Biddy	mere cherries	07626	3634202714	Work	1
usr218@gt.edu	pass218	Janine	Kalafatis	waiting kitty	60051	0162656700	Mobile	1
usr219@gt.edu	pass219	Glory	Iturbide	sparkling camera	88415	4333299087	Home	0
usr220@gt.edu	pass220	Aliza	Rhymes	sparkling letter	24445			
usr221@gt.edu	pass221	Stephen	Munns	chief laborer	45653			
usr222@gt.edu	pass222	Nicolette	Hauenstein	accurate achiever	50607	0242194920	Mobile	1
usr223@gt.edu	pass223	Jina	Vanausdal	ambitious hate	61235	5520505277	Home	1
usr224@gt.edu	pass224	Raul	Pinilla	charming teeth	04938	7106810825	Mobile	1
usr225@gt.edu	pass225	Kirk	Toyama	tested songs	13304	8496327013	Work	0
usr226@gt.edu	pass226	Talia	Chickering	glamorous knee	33066	3634394812	Home	0
usr227@gt.edu	pass227	Reita	Corbley	electric system	83703	0200984202	Mobile	1
usr228@gt.edu	pass228	Geoffrey	Arias	healthy creator	79534			
usr229@gt.edu	pass229	Rory	Koppinger	purring toy	38856	3567305940	Home	1
usr230@gt.edu	pass230	Elli	Klang	uninterested toy	37722	6452113013	Mobile	1
usr231@gt.edu	pass231	Bette	Stockham	quick squirrel	00692			
usr232@gt.edu	pass232	Deandrea	Ahle	grieving drain	45433	7345377555	Mobile	0
usr233@gt.edu	pass233	Franklyn	Lukasik	defiant drain	55316	8818483949	Home	1
usr234@gt.edu	pass234	Helene	Zepp	stupid cows	56443	0674413584	Mobile	1
usr235@gt.edu	pass235	Virgina	Kulzer	finicky purpose	50860	6562932439	Work	0
usr236@gt.edu	pass236	Roxane	Silvestrini	roasted teeth	36311	0713752525	Home	1
usr237@gt.edu	pass237	Kimberlie	Lungren	hanging toothpaste	04677	4460905247	Work	1
usr238@gt.edu	pass238	Chauncey	Eroman	unadvised walk	55716	1980848382	Home	0
usr239@gt.edu	pass239	Cyndy	Rochin	glamorous silver	11735	4510722461	Home	1
usr240@gt.edu	pass240	Franklyn	Lary	material touch	68719	0456272910	Home	1
usr241@gt.edu	pass241	Ronny	Gleich	bored shape	16735			
usr242@gt.edu	pass242	Kate	Butt	mere passenger	46385			
usr243@gt.edu	pass243	Amie	Halsey	towering middle	02192			
usr244@gt.edu	pass244	Theola	Hengel	ceaseless fact	04423	7233251850	Work	0
usr245@gt.edu	pass245	Junita	Denooyer	madly burst	78134	2973752269	Mobile	1
usr246@gt.edu	pass246	Stevie	Gato	sulky low	04009	5568776303	Mobile	1
usr247@gt.edu	pass247	Ernest	Degonia	makeshift slope	38193	1164290810	Home	0
usr248@gt.edu	pass248	Luisa	Waymire	obedient sun	34482			
usr249@gt.edu	pass249	Carma	Munis	worried thought	44676			
usr250@gt.edu	pass250	Stephen	Ahle	macho position	98512			
usr251@gt.edu	pass251	Skye	Jillson	slippery peace	12734	1633537666	Work	0
usr252@gt.edu	pass252	Cordelia	Whobrey	clever fang	38120	6833825557	Work	0
usr253@gt.edu	pass253	Whitley	Honeywell	wandering religion	84790	1231864806	Home	0
usr254@gt.edu	pass254	Lorean	Riden	towering pail	70748			
usr255@gt.edu	pass255	Xuan	Nievas	grubby believe	35613			
usr256@gt.edu	pass256	Amie	Darakjy	plausible duck	70813	3408519630	Work	1
usr257@gt.edu	pass257	Blondell	Rochin	mere sneeze	14140	7619562569	Work	1
usr258@gt.edu	pass258	Joanna	Papasergi	glorious quince	06412			
usr259@gt.edu	pass259	Elvera	Corrio	acid story	77445	6942160359	Mobile	0
usr260@gt.edu	pass260	Carmela	Nicolozakes	silent word	50213			
usr261@gt.edu	pass261	Tawna	Halsey	massive spy	91354	5128789284	Mobile	1
usr262@gt.edu	pass262	Kate	Kiel	mighty kick	54810	4459577476	Home	0
usr263@gt.edu	pass263	Vilma	Cousey	cheap clover	40324	5618592840	Mobile	0
usr264@gt.edu	pass264	Buddy	Paa	grieving cart	21764	9387160047	Home	0
usr265@gt.edu	pass265	Melissa	Sarbacher	habitual seat	65555	1916963119	Work	0
usr266@gt.edu	pass266	Nickolas	Saylors	unruly hate	66440	8235154778	Work	0
usr267@gt.edu	pass267	Mitzie	Mugnolo	coordinated straw	77845	9302158517	Mobile	1
usr268@gt.edu	pass268	Glory	Fern	ad hoc side	20735	0201245907	Home	0
usr269@gt.edu	pass269	Clay	Cookey	lyrical fuel	05077	9481752548	Mobile	0
usr270@gt.edu	pass270	Lai	Hochard	gigantic toothbrush	54465			
usr271@gt.edu	pass271	Lettie	Gellinger	uninterested talk	12419	3457734212	Work	0
usr272@gt.edu	pass272	Sage	Perruzza	sudden van	56459			
usr273@gt.edu	pass273	Rikki	Klang	mere match	20815	2984839754	Home	0
usr274@gt.edu	pass274	Mollie	Coyier	lyrical match	29331			
usr275@gt.edu	pass275	Delisa	Frey	acceptable planes	70432	3320425672	Work	1
usr276@gt.edu	pass276	Johnetta	Jacobos	slow recess	64191	1464384742	Home	1
usr277@gt.edu	pass277	Chanel	Mcnease	towering crime	16937			
usr278@gt.edu	pass278	Mattie	Acey	likeable aunt	47141			
usr279@gt.edu	pass279	Paris	Mirafuentes	rightful seashore	92046	8630268951	Home	1
usr280@gt.edu	pass280	Cassi	Sengbusch	charming achiever	13261			
usr281@gt.edu	pass281	Malinda	Korando	finicky purpose	67212	1264141123	Mobile	0
usr282@gt.edu	pass282	Frederica	Varriano	ceaseless thought	98814			
usr283@gt.edu	pass283	Adell	Andreason	worried knee	20602			
usr284@gt.edu	pass284	Iluminada	Fortino	cagey crime	88118	2882738822	Home	0
usr285@gt.edu	pass285	Glory	Kippley	wonderful seashore	53521	9875912043	Mobile	1
usr286@gt.edu	pass286	Shawna	Bruschke	purring rifle	40847			
usr287@gt.edu	pass287	Dyan	Louissant	silent middle	27248			
usr288@gt.edu	pass288	Lucina	Agramonte	slow recess	17029	3560046446	Mobile	1
usr289@gt.edu	pass289	Jamal	Amyot	cute recess	50061	1176599887	Mobile	1
usr290@gt.edu	pass290	Jutta	Weight	excellent train	91367	4870964070	Home	1
usr291@gt.edu	pass291	Marguerita	Shealy	craven cause	59036			
usr292@gt.edu	pass292	Geoffrey	Tollner	gigantic pipe	99832	1549442006	Home	1
usr293@gt.edu	pass293	Mitsue	Butzen	condemned battle	11736			
usr294@gt.edu	pass294	Melissa	Corbley	complex trail	07059	0975473850	Home	1
usr295@gt.edu	pass295	Roxane	Shire	remarkable flower	90093	3467032950	Mobile	1
usr296@gt.edu	pass296	Kris	Corrio	longing chance	31805			
usr297@gt.edu	pass297	Latrice	Scheyer	encouraging blood	49426	9461296333	Work	0
usr298@gt.edu	pass298	Elza	Loder	wary duck	29540	7371563823	Home	0
usr299@gt.edu	pass299	Rima	Gochal	ceaseless crate	23874	8993002776	Work	1
usr300@gt.edu	pass300	Quentin	Meisel	acceptable planes	14613			
usr301@gt.edu	pass301	Mitsue	Vinning	quick songs	53221			
usr302@gt.edu	pass302	Dottie	Ruta	endurable crate	61401	5195484053	Home	0
usr303@gt.edu	pass303	Sharen	Tomasulo	lackadaisical planes	70167	3629724123	Home	0
usr304@gt.edu	pass304	Leota	Mallett	purring grade	90410	2807293794	Mobile	1
usr305@gt.edu	pass305	Dick	Malvin	likeable achiever	55903	3809343828	Home	0
usr306@gt.edu	pass306	Raina	Rantanen	plausible believe	13465	9905368879	Mobile	1
usr307@gt.edu	pass307	Kati	Fortino	mere aunt	27508	1523323202	Home	0
usr308@gt.edu	pass308	Sabra	Farrar	powerful middle	81082			
usr309@gt.edu	pass309	Tyra	Wolny	temporary caption	28320			
usr310@gt.edu	pass310	Chauncey	Scheyer	materialistic cheese	59731	9637850224	Mobile	0
usr311@gt.edu	pass311	Candida	Restrepo	clever crown	08232	9719661172	Mobile	1
usr312@gt.edu	pass312	Virgie	Amyot	psychotic riddle	72587	6280316325	Home	1
usr313@gt.edu	pass313	Junita	Regusters	powerful digestion	78379			
usr314@gt.edu	pass314	Elly	Blackwood	cool battle	90072			
usr315@gt.edu	pass315	Eun	Similton	gigantic earth	23410	2212352092	Mobile	1
usr316@gt.edu	pass316	Lezlie	Brossart	thick error	99773	9594963510	Mobile	1
usr317@gt.edu	pass317	Shalon	Nabours	lackadaisical aunt	28699	2786749269	Mobile	0
usr318@gt.edu	pass318	Noah	Mulqueen	materialistic war	22739	1473747843	Home	0
usr319@gt.edu	pass319	Dierdre	Gellinger	worried thought	83352	9222581905	Home	1
usr320@gt.edu	pass320	Arthur	Vanheusen	mighty kick	93623	4725510905	Work	1
usr321@gt.edu	pass321	Christiane	Benimadho	ubiquitous houses	36608	4348163985	Mobile	1
usr322@gt.edu	pass322	Helga	Hollack	bumpy verse	17934	1380992215	Home	0
usr323@gt.edu	pass323	Daniela	Dilliard	handsome engine	83605			
usr324@gt.edu	pass324	Krissy	Gibes	splendid snakes	14109	3544367437	Work	1
usr325@gt.edu	pass325	Roslyn	Buvens	humdrum form	28302	2799475229	Home	1
usr326@gt.edu	pass326	Felix	Cryer	absurd collar	32666	5550435727	Home	1
usr327@gt.edu	pass327	Shenika	Wenner	madly tent	78015	8444817355	Home	1
usr328@gt.edu	pass328	Clay	Good	remarkable aunt	96079			
usr329@gt.edu	pass329	Viola	Juvera	irate pen	95423			
usr330@gt.edu	pass330	Jeanice	Birkner	nine health	61013	7178404058	Work	1
usr331@gt.edu	pass331	Brittni	Marrier	humdrum stage	55577			
usr332@gt.edu	pass332	Viva	Blunk	embarrassed umbrella	26412			
usr333@gt.edu	pass333	Bok	Madarang	daffy noise	83245	4944111216	Home	1
usr334@gt.edu	pass334	Lemuel	Demesa	abiding cherries	63664	2621420761	Work	0
usr335@gt.edu	pass335	Arminda	Iturbide	halting credit	67435	4630437345	Home	1
usr336@gt.edu	pass336	Quentin	Meisel	complex trail	62321			
usr337@gt.edu	pass337	Kati	Haufler	ruthless woman	53228			
usr338@gt.edu	pass338	Lynelle	Estell	bored pipe	37876	3191375711	Mobile	0
usr339@gt.edu	pass339	Hubert	Mondella	bumpy eye	30154	3463025599	Home	1
usr340@gt.edu	pass340	Kasandra	Tegarden	chivalrous passenger	74080	5452287220	Home	0
usr341@gt.edu	pass341	Nickolas	Fallick	ambitious hate	20428	4777865973	Work	1
usr342@gt.edu	pass342	Pete	Galam	amused creator	30101	5124235582	Home	0
usr343@gt.edu	pass343	Elvera	Acuff	tested crayon	91017	0933798365	Home	1
usr344@gt.edu	pass344	Flo	Vocelka	picayune woman	76526			
usr345@gt.edu	pass345	Xuan	Schmierer	smart temper	78705			
usr346@gt.edu	pass346	Dyan	Giguere	mere aunt	68847	3708718819	Mobile	0
usr347@gt.edu	pass347	Yuki	Dhamer	unruly gold	08321	6371940874	Home	1
usr348@gt.edu	pass348	Laurel	Waycott	milky babies	92412	0480207606	Home	0
usr349@gt.edu	pass349	Amber	Tomblin	material umbrella	99252	5132901993	Mobile	1
usr350@gt.edu	pass350	Shawnda	Ruta	towering middle	28370			
usr351@gt.edu	pass351	Lashandra	Zagen	dark riddle	02189	7287198608	Work	1
usr352@gt.edu	pass352	Refugia	Klang	sparkling tent	59484	1922630674	Work	0
usr353@gt.edu	pass353	Tyra	Luczki	condemned wine	57783	2290050100	Work	0
usr354@gt.edu	pass354	Harrison	Jacobos	abiding locket	34204			
usr355@gt.edu	pass355	Alaine	Kitty	stupid earth	16627	7294005562	Home	1
usr356@gt.edu	pass356	Cheryl	Mcrae	actually railway	98236			
usr357@gt.edu	pass357	Norah	Slayton	right umbrella	68601	5718370697	Work	0
usr358@gt.edu	pass358	Vincenza	Ohms	cagey side	74059	2771736665	Work	0
usr359@gt.edu	pass359	Carmen	Mugnolo	ruthless chance	93741			
usr360@gt.edu	pass360	Kattie	Lipke	purring rifle	93906	3951944799	Work	0
usr361@gt.edu	pass361	Eden	Perruzza	materialistic bird	19478	6104368411	Home	0
usr362@gt.edu	pass362	Garry	Linahan	smart cent	12122	2697064489	Work	0
usr363@gt.edu	pass363	Allene	Ventura	ad hoc jar	41189	3153005106	Mobile	0
usr364@gt.edu	pass364	Loren	Paprocki	likeable vegetable	04037	1416677672	Home	0
usr365@gt.edu	pass365	Roselle	Klusman	clever fang	98204			
usr366@gt.edu	pass366	Cassi	Andreason	early distance	50306	0951987558	Mobile	1
usr367@gt.edu	pass367	Shonda	Beech	cheap clover	19608	9456711426	Mobile	1
usr368@gt.edu	pass368	Sabra	Fillingim	cheap clover	33716	2599181023	Mobile	0
usr369@gt.edu	pass369	Noah	Herritt	makeshift slope	80426	6657377486	Home	0
usr370@gt.edu	pass370	Kirk	Pinilla	disillusioned honey	28741	1262080246	Home	0
usr371@gt.edu	pass371	Felicidad	Goldammer	same library	42047			
usr372@gt.edu	pass372	Cory	Klonowski	delicious vessel	47381			
usr373@gt.edu	pass373	Stephen	Brossart	abaft insurance	61884			
usr374@gt.edu	pass374	Goldie	Madarang	ubiquitous seashore	48824	5980862317	Home	1
usr375@gt.edu	pass375	Angella	Mcrae	rude toothpaste	89448			
usr376@gt.edu	pass376	Lawrence	Sarao	trite stamp	17884	8130825930	Mobile	0
usr377@gt.edu	pass377	Rikki	Francescon	dark purpose	48729	2660981270	Work	0
usr378@gt.edu	pass378	Kasandra	Dilliard	outrageous son	53040	7614445520	Home	0
usr379@gt.edu	pass379	Lili	Gesick	remarkable linen	79928	0198809284	Home	0
usr380@gt.edu	pass380	Celeste	Linahan	polite pen	68521	1453003241	Mobile	1
usr381@gt.edu	pass381	Vi	Burnard	abnormal believe	86439			
usr382@gt.edu	pass382	Caprice	Mconnell	madly tent	25423			
usr383@gt.edu	pass383	Raymon	Gotter	slippery achiever	02906	9930199311	Work	0
usr384@gt.edu	pass384	Detra	Harabedian	long-term credit	36017	6294433667	Home	0
usr385@gt.edu	pass385	Delmy	Spickerman	charming slope	31028	1518377137	Mobile	0
usr386@gt.edu	pass386	Franklyn	Moyd	lyrical cows	33849	1167328858	Home	1
usr387@gt.edu	pass387	Erinn	Brideau	ambitious engine	29433	4215458367	Work	1
usr388@gt.edu	pass388	Adelina	Foller	plausible duck	79330			
usr389@gt.edu	pass389	Kris	Acuff	scrawny book	03269	4649879472	Home	0
usr390@gt.edu	pass390	Erick	Meisel	craven crown	12569	1139814894	Work	1
usr391@gt.edu	pass391	Buddy	Kampa	cute coil	38004	3207740685	Home	0
usr392@gt.edu	pass392	Dean	Malvin	coordinated health	97737	5341300246	Mobile	1
usr393@gt.edu	pass393	Leota	Dilliard	excellent straw	56483			
usr394@gt.edu	pass394	Lynelle	Weirather	absorbing cats	60638	0781480585	Work	1
usr395@gt.edu	pass395	Ruthann	Frey	bored basketball	56122	8821172115	Mobile	1
usr396@gt.edu	pass396	Amber	Menter	polite digestion	06511			
usr397@gt.edu	pass397	Janey	Garufi	lackadaisical aunt	23184	9120124085	Mobile	1
usr398@gt.edu	pass398	Glory	Silvestrini	quick talk	42566	2702840786	Mobile	0
usr399@gt.edu	pass399	Nan	Centini	grieving passenger	35203	4170634186	Home	0
usr400@gt.edu	pass400	France	Boulter	abiding flight	83221	7953421919	Home	0
usr401@gt.edu	pass401	Gail	Isaacs	cagey kitty	67228			
usr402@gt.edu	pass402	Rebecka	Myricks	accurate talk	48329			
usr403@gt.edu	pass403	Paris	Dhamer	charming teeth	37202	7848774456	Home	1
usr404@gt.edu	pass404	Tarra	Mclaird	earsplitting wheel	49056	4143497908	Home	0
usr405@gt.edu	pass405	Fletcher	Threets	steady vegetable	54112	6368945079	Work	1
usr406@gt.edu	pass406	Sharee	Vocelka	somber rifle	81123	1919812197	Mobile	0
usr407@gt.edu	pass407	Roxane	Monarrez	lyrical fuel	48620			
usr408@gt.edu	pass408	Felix	Heimann	chief laborer	40506	6247920796	Mobile	0
usr409@gt.edu	pass409	Dean	Springe	poor food	21710			
usr410@gt.edu	pass410	Tracey	Karpin	versed circle	94952	1929616697	Home	0
usr411@gt.edu	pass411	Francine	Eroman	incredible hate	02139	7999681166	Mobile	1
usr412@gt.edu	pass412	Thaddeus	Shields	gigantic earth	65629	5837060728	Mobile	1
usr413@gt.edu	pass413	Arlette	Brideau	massive dress	15834	9434145100	Mobile	0
usr414@gt.edu	pass414	Teri	Menter	clever vegetable	01432	4550539103	Work	1
usr415@gt.edu	pass415	Katina	Sahagun	bitter walk	62613			
usr416@gt.edu	pass416	Markus	Palaia	ritzy teeth	26209	1949084065	Work	1
usr417@gt.edu	pass417	Marge	Weirather	same art	14201	8557889434	Work	1
usr418@gt.edu	pass418	Cecily	Garufi	secret gold	50049	4486544756	Home	1
usr419@gt.edu	pass419	Jolene	Munis	daily rings	20653	1793705001	Mobile	1
usr420@gt.edu	pass420	Lemuel	Eroman	healthy vegetable	11241	3465880686	Home	1
usr421@gt.edu	pass421	Candida	Threets	sticky sneeze	07194			
usr422@gt.edu	pass422	Luisa	Setter	longing children	34489	2247400076	Home	1
usr423@gt.edu	pass423	Staci	Villanueva	clever planes	34982	2509023281	Home	0
usr424@gt.edu	pass424	Blondell	Jillson	maniacal arm	91906	3350899451	Home	1
usr425@gt.edu	pass425	Ronny	Nestle	earsplitting spy	92025			
usr426@gt.edu	pass426	Dulce	Tegarden	eminent price	36901	3875632627	Mobile	1
usr427@gt.edu	pass427	Erick	Hengel	poor food	78461	3885077794	Home	1
usr428@gt.edu	pass428	Simona	Mclaird	versed cart	28130	8583312441	Work	0
usr429@gt.edu	pass429	Gracia	Morasca	irate sleet	57195	8380642140	Work	1
usr430@gt.edu	pass430	Jade	Arceo	longing toad	42254			
usr431@gt.edu	pass431	Francine	Albares	juicy duck	60706			
usr432@gt.edu	pass432	Donette	Figeroa	ad hoc record	59240			
usr433@gt.edu	pass433	Shenika	Degonia	guttural coast	38562	3474751852	Work	0
usr434@gt.edu	pass434	Jacqueline	Rauser	trite food	49922	4591406387	Work	0
usr435@gt.edu	pass435	Shonda	Berray	cool robin	35201	4694375519	Work	0
usr436@gt.edu	pass436	Rozella	Reitler	incandescent linen	41549	6745534053	Mobile	0
usr437@gt.edu	pass437	Deeanna	Lindall	stiff nut	30353			
usr438@gt.edu	pass438	Ryan	Fredicks	ritzy teeth	36009			
usr439@gt.edu	pass439	Lezlie	Degonia	hurried beds	62786	1439222567	Mobile	0
usr440@gt.edu	pass440	Ettie	Shields	trite food	29218			
usr441@gt.edu	pass441	Mitsue	Berganza	likeable vegetable	80130	2461381086	Mobile	1
usr442@gt.edu	pass442	Carey	Morasca	lyrical vacation	67235	1346000228	Work	1
usr443@gt.edu	pass443	Cory	Caldarera	silent ship	40590			
usr444@gt.edu	pass444	Levi	Mcnease	foamy pets	38955	3803579565	Work	1
usr445@gt.edu	pass445	Theola	Saras	cute coil	67741	5287089021	Mobile	0
usr446@gt.edu	pass446	Levi	Julia	clever afterthought	76133			
usr447@gt.edu	pass447	Yvonne	Schirpke	eatable coat	77032	3916779457	Mobile	1
usr448@gt.edu	pass448	Ciara	Cryer	abiding pickle	83118			
usr449@gt.edu	pass449	Annelle	Bourbon	remarkable art	78109			
usr450@gt.edu	pass450	Alishia	Knipp	shaggy silver	48398	1819900704	Mobile	1
usr451@gt.edu	pass451	Truman	Swayze	breezy umbrella	84038	9854868372	Home	1
usr452@gt.edu	pass452	Lili	Lorens	abstracted cats	18640	5102760367	Home	1
usr453@gt.edu	pass453	Kasandra	Amigon	unwieldy middle	24594			
usr454@gt.edu	pass454	Myra	Dickerson	wary caption	71857	7151835409	Work	0
usr455@gt.edu	pass455	Tasia	Callaro	guttural religion	11788			
usr456@gt.edu	pass456	Beatriz	Haroldson	rightful coat	40177			
usr457@gt.edu	pass457	Kirk	Flister	slow recess	28458	4601403554	Home	0
usr458@gt.edu	pass458	Buddy	Lindall	gigantic slip	75062	5999041282	Home	1
usr459@gt.edu	pass459	Brittni	Grenet	ruthless pets	72029			
usr460@gt.edu	pass460	Shonda	Husser	barbarous train	99640	4790258634	Mobile	1
usr461@gt.edu	pass461	Ma	Caudy	sad slave	33447	7782122412	Work	1
usr462@gt.edu	pass462	Latrice	Kusko	splendid trail	29840			
usr463@gt.edu	pass463	Lizbeth	Hollack	humdrum gold	30822	4499977611	Work	1
usr464@gt.edu	pass464	Josphine	Samu	handsome middle	28810	7693829043	Work	1
usr465@gt.edu	pass465	Lorrie	Ohms	remarkable art	95140	5618370986	Mobile	0
usr466@gt.edu	pass466	Johnna	Pawlowicz	defiant system	03046	2204963506	Home	0
usr467@gt.edu	pass467	Wilda	Korando	faithful duck	89128	5551595132	Mobile	1
usr468@gt.edu	pass468	Edna	Melnyk	smart cent	92692	0415318548	Mobile	1
usr469@gt.edu	pass469	Weldon	Miceli	poor story	75251	6802517486	Mobile	0
usr470@gt.edu	pass470	Franklyn	Brachle	necessary chalk	59448	2418009737	Home	1
usr471@gt.edu	pass471	Deandrea	Miceli	glorious quince	14127			
usr472@gt.edu	pass472	Meaghan	Wieser	rude authority	37246	2976566640	Home	1
usr473@gt.edu	pass473	Johnetta	Suffield	purring art	43711	7514778471	Home	0
usr474@gt.edu	pass474	Marguerita	Marrier	future train	15089			
usr475@gt.edu	pass475	Jeanice	Sweely	comfortable sleet	06231	6981249746	Mobile	0
usr476@gt.edu	pass476	Karan	Goldammer	guttural coast	74032	1318500356	Work	0
usr477@gt.edu	pass477	Graciela	Stockham	absorbing price	24562			
usr478@gt.edu	pass478	Keneth	Perin	handsome aunt	50543	8588629976	Home	0
usr479@gt.edu	pass479	Dulce	Paprocki	sloppy book	45896	2971430855	Mobile	0
usr480@gt.edu	pass480	Casie	Nestle	clever vegetable	77512			
usr481@gt.edu	pass481	Amber	Schnitzler	damaged pickle	90016	3694953989	Home	1
usr482@gt.edu	pass482	Helene	Spickerman	garrulous cats	19370			
usr483@gt.edu	pass483	Willow	Sama	evasive nut	32936	5808000865	Home	0
usr484@gt.edu	pass484	Bok	Burnard	ruthless planes	02066	5611788623	Mobile	1
usr485@gt.edu	pass485	Kris	Shadrick	same passenger	47814	5654569630	Home	1
usr486@gt.edu	pass486	Franklyn	Lapage	hanging peace	42345	0141658718	Home	1
usr487@gt.edu	pass487	Beckie	Husser	defiant drain	72107			
usr488@gt.edu	pass488	Rolande	Saulter	past dress	71316			
usr489@gt.edu	pass489	Peggie	Kalafatis	coordinated purpose	48071			
usr490@gt.edu	pass490	Van	Wrinkles	hanging nose	51654	8634024789	Work	0
usr491@gt.edu	pass491	Haydee	Hoopengardner	fearful rabbit	71969			
usr492@gt.edu	pass492	Vincenza	Moyd	grubby engine	92122	5936423214	Work	1
usr493@gt.edu	pass493	Moon	Wildfong	waiting aunt	17301			
usr494@gt.edu	pass494	Scarlet	Devreese	ambitious spy	27113			
usr495@gt.edu	pass495	Winfred	Schirpke	disagreeable planes	13020			
usr496@gt.edu	pass496	Willodean	Abdallah	fearful rabbit	21656	9737200875	Work	1
usr497@gt.edu	pass497	Herminia	Sahagun	earsplitting apparatus	62053	2712010169	Mobile	1
usr498@gt.edu	pass498	Jerry	Butt	nonstop stage	84189	3308605999	Mobile	1
usr499@gt.edu	pass499	Lynelle	Emard	glorious pen	05463	7936511298	Mobile	0
usr500@gt.edu	pass500	Novella	Bowley	unbecoming loaf	56174	9427131988	Home	1
usr501@gt.edu	pass501	Krissy	Hidvegi	barbarous credit	46705			
usr502@gt.edu	pass502	Sue	Schieler	clever credit	28637			
usr503@gt.edu	pass503	Lorean	Zane	smart cent	72471	6702367992	Mobile	0
usr504@gt.edu	pass504	Stephaine	Marrier	guttural blow	24860	0431856382	Work	0
usr505@gt.edu	pass505	Annabelle	Shire	thick error	50673	1637858196	Mobile	1
usr506@gt.edu	pass506	Alline	Rodenberger	large error	45868	6220125089	Work	1
usr507@gt.edu	pass507	Celeste	Amigon	glorious pen	17088			
usr508@gt.edu	pass508	Shawnda	Thyberg	incandescent linen	90101			
usr509@gt.edu	pass509	Lili	Onofrio	stimulating arm	31512	7174197840	Mobile	1
usr510@gt.edu	pass510	Arminda	Bilden	smart aunt	59482	1140652825	Mobile	0
usr511@gt.edu	pass511	Antione	Linahan	abnormal railway	44620	6570745175	Work	1
usr512@gt.edu	pass512	Galen	Labreche	sulky low	61564	8346653881	Mobile	1
usr513@gt.edu	pass513	Mona	Canlas	substantial bone	79929	7263771033	Mobile	1
usr514@gt.edu	pass514	Barrett	Juhas	accurate fuel	66759	9866816071	Home	0
usr515@gt.edu	pass515	Belen	Dilello	faithful kitty	23530			
usr516@gt.edu	pass516	Salome	Wolfgramm	nondescript cent	03287	3925898029	Work	1
usr517@gt.edu	pass517	Theola	Hengel	barbarous clover	34204	6404549805	Work	0
usr518@gt.edu	pass518	Stephen	Paprocki	teeny tent	34974	9939599307	Mobile	0
usr519@gt.edu	pass519	Thurman	Devreese	remarkable flower	38544	7414220468	Home	0
usr520@gt.edu	pass520	Ronny	Gleich	clever riddle	72217			
usr521@gt.edu	pass521	Tegan	Hirpara	material touch	46285	1312595700	Work	1
usr522@gt.edu	pass522	Tammara	Fillingim	accurate talk	38358	6490100516	Home	0
usr523@gt.edu	pass523	Galen	Rodenberger	disgusting snakes	85931	0302200246	Work	0
usr524@gt.edu	pass524	Lenna	Bolognia	secret verse	81243	2556000141	Mobile	1
usr525@gt.edu	pass525	Cheryl	Morasca	humdrum form	79752	9225504181	Home	1
usr526@gt.edu	pass526	Leonora	Wildfong	dark riddle	64429	4433271585	Work	0
usr527@gt.edu	pass527	Valentin	Ferencz	embarrassed cats	87108	4568256374	Work	1
usr528@gt.edu	pass528	Viva	Zurcher	same coach	54140	8512217711	Mobile	0
usr529@gt.edu	pass529	Tasia	Suell	troubled toothbrush	74445	8730238510	Mobile	0
usr530@gt.edu	pass530	Glen	Brideau	purring wool	80209	8684981617	Mobile	0
usr531@gt.edu	pass531	Nu	Merced	sulky cart	62674	7780899770	Mobile	1
usr532@gt.edu	pass532	Tiera	Tromblay	polite pen	97640	6447512048	Home	0
usr533@gt.edu	pass533	Katina	Benimadho	eminent price	24459	6599803468	Home	0
usr534@gt.edu	pass534	Alisha	Cetta	chivalrous position	49331	5241626067	Home	0
usr535@gt.edu	pass535	Trinidad	Caudy	ubiquitous vessel	68956	6382048927	Mobile	0
usr536@gt.edu	pass536	Glory	Swayze	past dress	35487	5767504616	Work	1
usr537@gt.edu	pass537	Levi	Royster	guttural religion	00735	9551391622	Mobile	0
usr538@gt.edu	pass538	Chauncey	Bennick	silent apparatus	14852	7719618083	Home	1
usr539@gt.edu	pass539	Ozell	Dhamer	teeny kick	60621	0289044538	Home	1
usr540@gt.edu	pass540	Rasheeda	Regusters	glorious mom	46234			
usr541@gt.edu	pass541	Fausto	Limmel	milky babies	01754	2296670608	Home	0
usr542@gt.edu	pass542	Iluminada	Borgman	purring wool	05772	9364776677	Mobile	0
usr543@gt.edu	pass543	Ammie	Dilello	healthy woman	36640			
usr544@gt.edu	pass544	Viva	Tillotson	abiding pickle	94535	1863815301	Mobile	1
usr545@gt.edu	pass545	Ty	Setter	massive beds	43356	9852796221	Work	0
usr546@gt.edu	pass546	Solange	Lungren	lyrical mom	85648	3453701368	Home	1
usr547@gt.edu	pass547	Erick	Meisel	temporary coil	94144			
usr548@gt.edu	pass548	Lettie	Ruta	glamorous cheese	10988	8991787576	Mobile	1
usr549@gt.edu	pass549	Jerry	Emigh	same library	70633	1232666791	Mobile	1
usr550@gt.edu	pass550	Lili	Discipio	unruly dress	56274			
usr551@gt.edu	pass551	Terrilyn	Shadrick	rude authority	68180	3655564342	Work	0
usr552@gt.edu	pass552	Graciela	Wardrip	lackadaisical jar	33092	6508183537	Mobile	1
usr553@gt.edu	pass553	Galen	Thyberg	chivalrous yak	68748	3622773879	Mobile	1
usr554@gt.edu	pass554	Devora	Ehmann	earsplitting spy	62062			
usr555@gt.edu	pass555	Fausto	Nachor	volatile gold	54491	9111817731	Mobile	0
usr556@gt.edu	pass556	Fernanda	Walthall	glamorous cheese	42163	1130437814	Work	1
usr557@gt.edu	pass557	Elouise	Heintzman	poor letter	96222			
usr558@gt.edu	pass558	Corinne	Poullion	bored coil	57366	3290544410	Work	1
usr559@gt.edu	pass559	Vincent	Breland	bumpy verse	27583			
usr560@gt.edu	pass560	Lizette	Grenet	furtive planes	47039	9936201233	Mobile	1
usr561@gt.edu	pass561	Jess	Yaw	substantial bushes	04626	8172050038	Work	0
usr562@gt.edu	pass562	Lonna	Frerking	comfortable judge	61259			
usr563@gt.edu	pass563	Stephaine	Gwalthney	ubiquitous jar	57339	7428179537	Mobile	0
usr564@gt.edu	pass564	Lemuel	Samara	madly burst	64166			
usr565@gt.edu	pass565	Ezekiel	Walthall	ubiquitous seashore	57234			
usr566@gt.edu	pass566	Gilma	Stoltzman	defiant system	27429	1498584100	Mobile	1
usr567@gt.edu	pass567	Sharee	Sarao	pricey grape	79423	0308295972	Home	0
usr568@gt.edu	pass568	Bobbye	Angalich	nine health	74053	6803692375	Work	0
usr569@gt.edu	pass569	Elly	Wardrip	halting train	82440	1091169659	Mobile	0
usr570@gt.edu	pass570	Layla	Lipke	pricey grape	04360	1338656622	Home	0
usr571@gt.edu	pass571	Jesusita	Koppinger	thick error	56446	4549790763	Home	0
usr572@gt.edu	pass572	Pete	Reitler	tight coast	71149	9267933409	Home	0
usr573@gt.edu	pass573	Andra	Daufeldt	charming burst	30259			
usr574@gt.edu	pass574	Beckie	Greenbush	outrageous son	48881			
usr575@gt.edu	pass575	Roxane	Lawler	wandering spy	07026			
usr576@gt.edu	pass576	Tiera	Leto	breezy foot	54532			
usr577@gt.edu	pass577	Rolland	Vonasek	complex price	70076			
usr578@gt.edu	pass578	Ernest	Hudnall	cheap loaf	28152	2811541116	Work	0
usr579@gt.edu	pass579	Tammara	Hellickson	abnormal cheese	12841	1471822851	Mobile	1
usr580@gt.edu	pass580	Elvera	Bowley	guttural loaf	34984	9540368832	Home	1
usr581@gt.edu	pass581	Bernardo	Labreche	likeable honey	74741	3575585322	Work	0
usr582@gt.edu	pass582	Elza	Whobrey	temporary week	28133	0350997080	Mobile	0
usr583@gt.edu	pass583	Donte	Tromblay	encouraging blood	85288	4626962701	Mobile	1
usr584@gt.edu	pass584	Chanel	Emard	glamorous nose	99556	1493482416	Mobile	0
usr585@gt.edu	pass585	Brock	Slusarski	milky earth	10312			
usr586@gt.edu	pass586	Wynell	Good	early anger	95616	6100475629	Work	1
usr587@gt.edu	pass587	Tiffiny	Worlds	hanging children	40206	7135312400	Work	0
usr588@gt.edu	pass588	Heike	Maillard	hard error	85211	6906297149	Work	1
usr589@gt.edu	pass589	Britt	Seewald	roasted quince	26404	5730783189	Mobile	1
usr590@gt.edu	pass590	Garry	Buvens	psychotic riddle	21795	6811409333	Home	0
usr591@gt.edu	pass591	Vallie	Strassner	waiting sun	77622	2672494592	Work	0
usr592@gt.edu	pass592	Jennifer	Munns	sad jam	47431			
usr593@gt.edu	pass593	Cecil	Similton	eatable walk	92088	3748301966	Home	0
usr594@gt.edu	pass594	Lindsey	Husser	volatile verse	49112	1860710409	Home	1
usr595@gt.edu	pass595	Ashlyn	Kolmetz	sticky dress	38880			
usr596@gt.edu	pass596	Ty	Mauson	penitent clam	83805	4633916984	Work	1
usr597@gt.edu	pass597	Virgie	Wolfgramm	exultant seat	72329			
usr598@gt.edu	pass598	Lili	Cantres	poor story	62871			
usr599@gt.edu	pass599	Graciela	Burnard	adaptable touch	21274	1798178116	Mobile	1
usr600@gt.edu	pass600	Kate	Modzelewski	hanging children	40252			
usr601@gt.edu	pass601	Nieves	Hoa	ambitious cannon	29488	1692662389	Mobile	1
usr602@gt.edu	pass602	Jenelle	Castros	ambitious spy	29676	7251422638	Home	1
usr603@gt.edu	pass603	Marti	Ryser	charming clam	29666	4259309084	Home	1
usr604@gt.edu	pass604	Dottie	Hiatt	gigantic train	32820	9504308745	Mobile	1
usr605@gt.edu	pass605	Cyril	Loder	stupid form	84648	3889966802	Home	1
usr606@gt.edu	pass606	Daniel	Shealy	picayune woman	67850	3184745889	Home	0
usr607@gt.edu	pass607	Lavonna	Bilden	longing toad	58528			
usr608@gt.edu	pass608	Merissa	Scriven	beneficial chalk	21204			
usr609@gt.edu	pass609	Solange	Seewald	plausible believe	48884	6523441081	Work	1
usr610@gt.edu	pass610	Timothy	Ferencz	craven vacation	02134	5977277972	Home	1
usr611@gt.edu	pass611	Deandrea	Shire	earsplitting wheel	47531	0107803735	Work	0
usr612@gt.edu	pass612	Nu	Yori	massive ship	21055			
usr613@gt.edu	pass613	Felicidad	Delasancha	picayune ship	13662	1823328878	Home	1
usr614@gt.edu	pass614	Chantell	Blunk	earsplitting apparatus	63675			
usr615@gt.edu	pass615	Nichelle	Caiafa	chief peace	66221	5300961444	Home	1
usr616@gt.edu	pass616	Blondell	Mauson	shaggy record	24127	9819953664	Work	0
usr617@gt.edu	pass617	Gracia	Cantres	craven nut	61545	5980789184	Home	0
usr618@gt.edu	pass618	Jennie	Hamilton	disillusioned slope	38843	4859197115	Mobile	0
usr619@gt.edu	pass619	Rolland	Pelkowski	outrageous son	96053	1484860168	Work	1
usr620@gt.edu	pass620	Cyril	Blunk	condemned trousers	97056	2718988779	Work	1
usr621@gt.edu	pass621	Albina	Seewald	awake step	59257			
usr622@gt.edu	pass622	Cordelia	Mcnease	worried sneeze	21803	1157585674	Mobile	0
usr623@gt.edu	pass623	Carlee	Blackwood	numberless step	80428	2415446664	Home	1
usr624@gt.edu	pass624	Merilyn	Lorens	versed test	24063	1821720209	Work	0
usr625@gt.edu	pass625	Rodolfo	Palaia	coordinated health	94299	1914305873	Mobile	1
usr626@gt.edu	pass626	Alline	Mconnell	spurious aunt	06032	4101122996	Home	0
usr627@gt.edu	pass627	Moon	Husser	abaft insurance	12093			
usr628@gt.edu	pass628	Twana	Dickerson	closed pen	79072	2991664954	Mobile	0
usr629@gt.edu	pass629	Marti	Gesick	cheap clover	78938	7212443812	Mobile	1
usr630@gt.edu	pass630	Jade	Wolny	noiseless middle	49863	4978451330	Mobile	0
usr631@gt.edu	pass631	Deonna	Maybury	same songs	44202	6428025098	Home	1
usr632@gt.edu	pass632	Ligia	Kaniecki	glorious pen	40033	1287370367	Work	1
usr633@gt.edu	pass633	Xuan	Mcdoniel	bitter walk	07410	1384761025	Home	1
usr634@gt.edu	pass634	Carey	Perez	delicious judge	22485	7832950486	Home	1
usr635@gt.edu	pass635	Noah	Kampa	eminent seashore	63829			
usr636@gt.edu	pass636	Lorrie	Eanes	same art	66728			
usr637@gt.edu	pass637	Lonna	Steffensmeier	stupid art	95715			
usr638@gt.edu	pass638	France	Schmierer	penitent clam	12729	1823173674	Work	0
usr639@gt.edu	pass639	Raul	Wiklund	sudden kitty	13104	7961268097	Work	1
usr640@gt.edu	pass640	Derick	Calvaresi	daffy toothbrush	75663	7210637795	Mobile	1
usr641@gt.edu	pass641	Trinidad	Bowley	towering middle	71363	8256500276	Mobile	1
usr642@gt.edu	pass642	Merilyn	Mauson	milky statement	55127	4444422971	Work	1
usr643@gt.edu	pass643	Shawnda	Bartolet	complex fang	43963	8555147920	Work	1
usr644@gt.edu	pass644	Heike	Hauenstein	secret gold	02906	8766588637	Home	0
usr645@gt.edu	pass645	Markus	Wrinkles	ten creator	91708	2250193708	Mobile	1
usr646@gt.edu	pass646	Rozella	Ragel	slippery achiever	46660	5678182337	Home	0
usr647@gt.edu	pass647	Joesph	Wenzinger	macho sail	05059	3707712889	Work	1
usr648@gt.edu	pass648	Novella	Kines	one porter	62366	1526420311	Mobile	0
usr649@gt.edu	pass649	Raylene	Seewald	eminent trousers	45634			
usr650@gt.edu	pass650	Izetta	Buzick	acid believe	12543	9811314378	Work	0
usr651@gt.edu	pass651	Laurel	Colaizzo	volatile bait	28950			
usr652@gt.edu	pass652	Lynelle	Butt	picayune curve	07865			
usr653@gt.edu	pass653	Raylene	Amigon	optimal afterthought	78705	1249828940	Home	0
usr654@gt.edu	pass654	Mitsue	Kines	daffy temper	19049	9222981335	Work	0
usr655@gt.edu	pass655	Markus	Bubash	barbarous furniture	19050	7407728484	Mobile	1
usr656@gt.edu	pass656	Tegan	Kolmetz	halting kick	54763	4944283952	Home	0
usr657@gt.edu	pass657	Thaddeus	Dinos	steady slip	10301	8526577319	Home	0
usr658@gt.edu	pass658	Alease	Keetch	delicious gold	82620	8792263742	Work	1
usr659@gt.edu	pass659	Tyra	Paa	abnormal railway	68601			
usr660@gt.edu	pass660	Bernardine	Matuszak	handsome seashore	24475	1347304651	Work	0
usr661@gt.edu	pass661	Chanel	Boord	finicky religion	21727	1870590935	Home	0
usr662@gt.edu	pass662	Justine	Varriano	sloppy book	57001	3649823028	Work	0
usr663@gt.edu	pass663	Ashlyn	Keener	tight gold	83835	5416525182	Work	1
usr664@gt.edu	pass664	Ressie	Leinenbach	makeshift crayon	01568			
usr665@gt.edu	pass665	Fletcher	Rantanen	embarrassed umbrella	58785	7338188571	Mobile	0
usr666@gt.edu	pass666	Mitsue	Maynerich	materialistic war	64190	5471288113	Work	1
usr667@gt.edu	pass667	Adell	Kampa	amused war	29580	4708699636	Work	0
usr668@gt.edu	pass668	Herminia	Ohms	ubiquitous library	64633			
usr669@gt.edu	pass669	Shonda	Caiafa	abaft pickle	94205	9955928320	Home	0
usr670@gt.edu	pass670	Weldon	Tagala	wary caption	77835	6730380127	Mobile	1
usr671@gt.edu	pass671	Lonna	Chickering	daffy van	24553	9987887680	Work	0
usr672@gt.edu	pass672	Fabiola	Berray	ad hoc book	45152	8242991225	Work	0
usr673@gt.edu	pass673	Delmy	Ketelsen	calculating cherries	49724	1178429957	Mobile	0
usr674@gt.edu	pass674	Portia	Cryer	awake book	59402	1826817434	Mobile	0
usr675@gt.edu	pass675	Margart	Seewald	abiding houses	54622	0717230542	Work	1
usr676@gt.edu	pass676	Vallie	Fredicks	polite earth	15017	4247630782	Home	0
usr677@gt.edu	pass677	Levi	Kohnert	gigantic pipe	31520	4194233309	Work	0
usr678@gt.edu	pass678	Lai	Schmierer	grieving pen	84527	9516929171	Home	0
usr679@gt.edu	pass679	Felix	Stuer	earsplitting price	34771			
usr680@gt.edu	pass680	Arlene	Boulter	trite food	83540	5651033385	Work	0
usr681@gt.edu	pass681	Tracey	Halsey	stupid bird	39427			
usr682@gt.edu	pass682	Earleen	Stimmel	polite earth	66041	9451267673	Work	1
usr683@gt.edu	pass683	Ruthann	Gillian	versed cart	78407			
usr684@gt.edu	pass684	Beckie	Lawler	early cats	33835	3918013392	Work	1
usr685@gt.edu	pass685	Helaine	Vanheusen	chief peace	34292	6872790370	Home	0
usr686@gt.edu	pass686	Raina	Schemmer	hanging sun	14767	6691115317	Mobile	1
usr687@gt.edu	pass687	Lorean	Sahagun	accurate nose	03590	6958695445	Mobile	1
usr688@gt.edu	pass688	Leota	Blackwood	hungry crate	96853	8509307375	Mobile	1
usr689@gt.edu	pass689	Pamella	Butzen	disillusioned crime	48470			
usr690@gt.edu	pass690	Dean	Ragel	picayune stamp	04571			
usr691@gt.edu	pass691	Sharika	Amigon	troubled yak	44256	1107245795	Mobile	1
usr692@gt.edu	pass692	Freeman	Reitler	abiding stranger	67118	7195455302	Home	1
usr693@gt.edu	pass693	Kris	Skursky	quick talk	35661	6908332623	Work	1
usr694@gt.edu	pass694	Marge	Klonowski	kind blood	44179	2403637121	Mobile	0
usr695@gt.edu	pass695	Quentin	Sarao	garrulous crayon	16511			
usr696@gt.edu	pass696	Xochitl	Discipio	endurable ship	80962	5309223265	Home	1
usr697@gt.edu	pass697	Candida	Smith	outrageous wine	57658			
usr698@gt.edu	pass698	Roselle	Daufeldt	stiff riddle	60960	9811957325	Mobile	0
usr699@gt.edu	pass699	Maryann	Ruta	abiding locket	99116	8838836569	Work	0
usr700@gt.edu	pass700	Cammy	Whobrey	wrong furniture	47460	8378427907	Home	0
usr701@gt.edu	pass701	Nickolas	Mcdoniel	trite food	21829	1591586421	Home	1
usr702@gt.edu	pass702	Kristeen	Kitzman	ambitious hate	68742			
usr703@gt.edu	pass703	Ryan	Delasancha	tested songs	35442	7397036307	Mobile	0
usr704@gt.edu	pass704	Malcolm	Storment	polite wine	37846	2976795461	Home	1
usr705@gt.edu	pass705	Kirk	Flosi	humdrum coil	56663	2444670028	Work	0
usr706@gt.edu	pass706	Irma	Acey	sad jam	30029	1768188809	Home	0
usr707@gt.edu	pass707	Gertude	Wiklund	ambitious engine	76869			
usr708@gt.edu	pass708	Sheron	Scipione	encouraging blood	62906	0834812127	Work	0
usr709@gt.edu	pass709	Barrett	Rodenberger	excellent train	65440	2900320778	Mobile	1
usr710@gt.edu	pass710	Lezlie	Ehmann	hideous chalk	28768	1769960694	Work	1
usr711@gt.edu	pass711	Alline	Lapage	lyrical mom	99329	1341906529	Work	0
usr712@gt.edu	pass712	Renea	Bolognia	bitter crook	16159	3829491173	Mobile	0
usr713@gt.edu	pass713	Natalie	Tjepkema	daily coat	52338	1327766898	Home	1
usr714@gt.edu	pass714	Deandrea	Slayton	heady pen	92624			
usr715@gt.edu	pass715	Hubert	Shields	ten creator	07752	3820999303	Home	0
usr716@gt.edu	pass716	Dottie	Vanausdal	slippery coat	59444			
usr717@gt.edu	pass717	Ashlyn	Stimmel	scrawny chalk	71254	7839064069	Work	0
usr718@gt.edu	pass718	Josphine	Cryer	eatable quince	65747			
usr719@gt.edu	pass719	Jettie	Sweigard	towering record	07952			
usr720@gt.edu	pass720	Micaela	Maile	madly tent	71113	7997764397	Work	1
usr721@gt.edu	pass721	Lindsey	Ryser	stiff nut	76301			
usr722@gt.edu	pass722	Raylene	Blackwood	obedient ship	47264			
usr723@gt.edu	pass723	Dyan	Stem	likeable straw	45410	0736601188	Home	1
usr724@gt.edu	pass724	Dulce	Dopico	craven talk	38558			
usr725@gt.edu	pass725	Virgina	Crupi	clever credit	95297	0864969426	Mobile	1
usr726@gt.edu	pass726	Marvel	Cronauer	cheap circle	36110			
usr727@gt.edu	pass727	Mitsue	Lary	apathetic men	44905	2400301676	Mobile	1
usr728@gt.edu	pass728	Fatima	Cartan	abiding houses	44077	9639816956	Mobile	0
usr729@gt.edu	pass729	Fatima	Polidori	abstracted toy	03768			
usr730@gt.edu	pass730	Yolando	Steffensmeier	likeable honey	12159	1089586093	Work	0
usr731@gt.edu	pass731	Helaine	Monterrubio	daily error	38111			
usr732@gt.edu	pass732	Noah	Keener	teeny songs	97062	3285175601	Mobile	1
usr733@gt.edu	pass733	Tarra	Lipke	accurate clam	99202	5206172594	Work	1
usr734@gt.edu	pass734	Lucina	Hochard	versed cart	20552	9640534654	Work	1
usr735@gt.edu	pass735	Mitzie	Dallen	hurried veil	50307			
usr736@gt.edu	pass736	Donette	Newville	sloppy wool	87513			
usr737@gt.edu	pass737	Catalina	Bowley	cute stamp	55807	0332398295	Home	1
usr738@gt.edu	pass738	Ligia	Corrio	adaptable touch	94025	6646899121	Home	1
usr739@gt.edu	pass739	Chantell	Tolfree	evasive pail	88548	9385841501	Work	0
usr740@gt.edu	pass740	Salome	Perin	silent ship	04841	6195466181	Home	0
usr741@gt.edu	pass741	Fletcher	Stoltzman	finicky cart	32040			
usr742@gt.edu	pass742	Valentin	Venere	ruthless dress	91364	1266038418	Home	1
usr743@gt.edu	pass743	Teri	Palaspas	substantial bone	45714	6864400254	Home	0
usr744@gt.edu	pass744	Melodie	Walthall	necessary cows	88314	6916790801	Work	0
usr745@gt.edu	pass745	Glory	Fortino	garrulous harbor	39737	8485490933	Home	0
usr746@gt.edu	pass746	Sue	Hanafan	teeny kick	29624	3294712413	Mobile	1
usr747@gt.edu	pass747	Vallie	Goldammer	makeshift squirrel	29641	6162354411	Home	1
usr748@gt.edu	pass748	Dalene	Perin	powerful library	15660			
usr749@gt.edu	pass749	Erinn	Shealy	endurable afterthought	70186	2380757773	Work	0
usr750@gt.edu	pass750	Oretha	Wardrip	ruthless pets	35238	8654883442	Work	1
usr751@gt.edu	pass751	Pete	Layous	bored achiever	46502			
usr752@gt.edu	pass752	Marguerita	Jayson	cute stamp	02717	3777462642	Work	0
usr753@gt.edu	pass753	Freeman	Heintzman	half coast	18913			
usr754@gt.edu	pass754	Aja	Liukko	nondescript cent	50655	4415314363	Home	1
usr755@gt.edu	pass755	Dierdre	Steier	charming teeth	76053	5330403340	Mobile	1
usr756@gt.edu	pass756	Abel	Rentfro	closed war	82432	6146920276	Work	0
usr757@gt.edu	pass757	Denise	Gleich	milky earth	43080			
usr758@gt.edu	pass758	Gilma	Mallett	healthy grade	17768	9943827234	Home	0
usr759@gt.edu	pass759	Gracia	Rodeigues	foamy pets	15691	3715099256	Work	1
usr760@gt.edu	pass760	Arthur	Waymire	electric sneeze	68626	9692350123	Work	0
usr761@gt.edu	pass761	Kati	Gwalthney	makeshift grain	13211			
usr762@gt.edu	pass762	Izetta	Kitty	obedient grain	02886			
usr763@gt.edu	pass763	Golda	Centini	trite bead	12930	1194607199	Mobile	0
usr764@gt.edu	pass764	Theola	Schoeneck	optimal arm	75110			
usr765@gt.edu	pass765	Sherita	Varriano	hanging toothpaste	78721			
usr766@gt.edu	pass766	Nana	Gillian	incandescent snakes	17601	5921017654	Home	0
usr767@gt.edu	pass767	Timothy	Kusko	long-term slope	26720			
usr768@gt.edu	pass768	Malinda	Butt	smart authority	96857	5293566404	Mobile	1
usr769@gt.edu	pass769	Lorean	Claucherty	absurd drain	20857	0991424849	Home	1
usr770@gt.edu	pass770	Golda	Bilden	dark riddle	56036			
usr771@gt.edu	pass771	Ty	Jurney	secret slope	48051	1853716518	Mobile	0
usr772@gt.edu	pass772	Danica	Weight	glamorous babies	39298			
usr773@gt.edu	pass773	Dottie	Schieler	clever riddle	65102			
usr774@gt.edu	pass774	Judy	Nunlee	gigantic slip	62890	5332365233	Home	0
usr775@gt.edu	pass775	Lili	Klusman	garrulous cats	39483	1083156618	Work	0
usr776@gt.edu	pass776	Joesph	Sarbacher	encouraging clover	45764	5444605759	Mobile	0
usr777@gt.edu	pass777	Candida	Stimmel	furtive cake	87413	2586385386	Work	1
usr778@gt.edu	pass778	Martina	Hagele	thick error	27520	4821271594	Home	0
usr779@gt.edu	pass779	Hermila	Pontoriero	stiff nut	27981	1989959148	Mobile	0
usr780@gt.edu	pass780	Elza	Monterrubio	disillusioned position	37722	3878759175	Home	1
usr781@gt.edu	pass781	Glendora	Karpel	wrong dust	33983	2529643997	Work	0
usr782@gt.edu	pass782	Carey	Yglesias	embarrassed fuel	07201	4906355452	Home	1
usr783@gt.edu	pass783	Cassi	Schieler	ubiquitous jar	72367	7521693227	Work	0
usr784@gt.edu	pass784	Whitley	Parvis	early straw	66733	6973761135	Home	1
usr785@gt.edu	pass785	Ligia	Gellinger	tacit cart	61054	4906273940	Home	0
usr786@gt.edu	pass786	Krissy	Deleo	purring grade	71375	3560011391	Home	0
usr787@gt.edu	pass787	Minna	Lueckenbach	damp seat	37249			
usr788@gt.edu	pass788	Kayleigh	Raymo	sneaky knee	37745	8831084284	Mobile	0
usr789@gt.edu	pass789	Taryn	Frerking	optimal bait	14724	9558401212	Home	1
usr790@gt.edu	pass790	Helga	Parlato	silent sun	66732	1630478287	Home	0
usr791@gt.edu	pass791	Loren	Gleich	polite system	33487	1837794343	Work	0
usr792@gt.edu	pass792	Fabiola	Duenas	remarkable art	65278	1056910908	Home	1
usr793@gt.edu	pass793	Myra	Briddick	splendid children	13209			
usr794@gt.edu	pass794	Ettie	Vizarro	early anger	38722			
usr795@gt.edu	pass795	Candida	Klang	towering wine	49083	9310234660	Mobile	0
usr796@gt.edu	pass796	Samira	Leinenbach	squeamish quince	07974	6329536257	Mobile	0
usr797@gt.edu	pass797	Gertude	Hoa	unruly gold	23434			
usr798@gt.edu	pass798	Reena	Boord	noiseless middle	13808			
usr799@gt.edu	pass799	Blondell	Gehrett	hanging peace	73661	2779625543	Work	1
usr800@gt.edu	pass800	Alline	Ogg	acid believe	59000	0992058650	Home	0
usr801@gt.edu	pass801	Annelle	Hamilton	teeny songs	62817	3522133562	Mobile	0
usr802@gt.edu	pass802	Gearldine	Bartolet	picayune coat	44125	5717263858	Work	0
usr803@gt.edu	pass803	Herminia	Hauenstein	stimulating earth	33027	9417183075	Mobile	0
usr804@gt.edu	pass804	Pete	Centini	thick error	41030			
usr805@gt.edu	pass805	Justine	Perin	eatable kitty	55798	7447683766	Home	1
usr806@gt.edu	pass806	Louisa	Rodeigues	encouraging loaf	58229	8271568033	Work	1
usr807@gt.edu	pass807	Raymon	Hidvegi	secretive seashore	30304	9818178067	Work	1
usr808@gt.edu	pass808	Bernardine	Juhas	glorious quince	58039	8427792469	Home	1
usr809@gt.edu	pass809	Sabra	Zane	fearful pen	17887	6462522330	Mobile	1
usr810@gt.edu	pass810	Joesph	Cartan	spurious apparatus	79699			
usr811@gt.edu	pass811	Meaghan	Palaspas	polite system	28420			
usr812@gt.edu	pass812	Lili	Wiklund	ubiquitous vessel	54948	8872676222	Mobile	0
usr813@gt.edu	pass813	Merilyn	Campain	bitter eye	11378	2115689980	Home	0
usr814@gt.edu	pass814	Dorthy	Claucherty	beneficial chalk	33335			
usr815@gt.edu	pass815	Sherita	Witten	excellent knot	58240	0576309562	Mobile	1
usr816@gt.edu	pass816	Fatima	Jayson	glamorous wine	90241	3115931880	Work	1
usr817@gt.edu	pass817	Kimbery	Kaniecki	habitual seat	71958	1829803575	Home	0
usr818@gt.edu	pass818	Lilli	Shields	bumpy eye	60062			
usr819@gt.edu	pass819	Lenna	Centini	secret slope	01532	2614919029	Mobile	0
usr820@gt.edu	pass820	Quentin	Harnos	hungry crate	15025	5427115660	Mobile	1
usr821@gt.edu	pass821	Bok	Gobern	bitter vegetable	77274	5435378350	Work	1
usr822@gt.edu	pass822	Dorthy	Myricks	guttural side	15754	1746764461	Work	1
usr823@gt.edu	pass823	Ezekiel	Ruta	secret slope	90021	2207880135	Work	0
usr824@gt.edu	pass824	Deandrea	Gillian	rightful coat	20855			
usr825@gt.edu	pass825	Jess	Funnell	acceptable chance	19804	9587033073	Home	1
usr826@gt.edu	pass826	Jerry	Stem	plausible test	38048	8809139434	Home	0
usr827@gt.edu	pass827	Karan	Palaspas	fearful story	62618	1432658506	Mobile	0
usr828@gt.edu	pass828	Tarra	Layous	optimal rat	54913	1950812486	Home	1
usr829@gt.edu	pass829	Caitlin	Dorshorst	tested songs	63107	0677750954	Home	1
usr830@gt.edu	pass830	Jani	Suffield	likeable honey	99725	2366049549	Mobile	0
usr831@gt.edu	pass831	Cammy	Schnitzler	abstracted cats	58035			
usr832@gt.edu	pass832	Myra	Albares	substantial believe	25801	5920181585	Home	1
usr833@gt.edu	pass833	Norah	Baltimore	maniacal dust	85048	2254712881	Home	1
usr834@gt.edu	pass834	Alex	Estell	bitter veil	72199	9978715459	Mobile	1
usr835@gt.edu	pass835	Viola	Manno	excellent low	58484			
usr836@gt.edu	pass836	Krissy	Zagen	wandering spy	14305	9379790423	Work	0
usr837@gt.edu	pass837	Jade	Gobern	accurate nose	19456	0958300545	Home	0
usr838@gt.edu	pass838	Donette	Breland	silent wine	94127	1198531401	Work	1
usr839@gt.edu	pass839	Raul	Gudroe	polite toad	54230	1226769717	Work	0
usr840@gt.edu	pass840	Nan	Reitler	likeable vegetable	90027	1988248143	Work	1
usr841@gt.edu	pass841	Jenelle	Sweely	cool art	78941	1198647591	Mobile	1
usr842@gt.edu	pass842	Izetta	Saulter	halting kick	50682	7815928313	Mobile	1
usr843@gt.edu	pass843	Daren	Ragel	worried selection	75972	4755047655	Mobile	1
usr844@gt.edu	pass844	Kiley	Yori	nondescript harbor	20674	1925373074	Mobile	1
usr845@gt.edu	pass845	Kayleigh	Aredondo	roasted teeth	35570			
usr846@gt.edu	pass846	Viola	Angalich	absurd knot	47591	1419861132	Mobile	0
usr847@gt.edu	pass847	Emerson	Linahan	fuzzy furniture	39341	0231533987	Mobile	0
usr848@gt.edu	pass848	Junita	Ferencz	plausible test	27220	6256731605	Mobile	0
usr849@gt.edu	pass849	Justine	Klusman	trite van	38575	9150055578	Home	1
usr850@gt.edu	pass850	Annelle	Weight	temporary stamp	60015	0401272783	Work	0
usr851@gt.edu	pass851	Mattie	Mauson	massive dress	06786			
usr852@gt.edu	pass852	Dyan	Morasca	special hook	71164	5551734252	Home	0
usr853@gt.edu	pass853	Christiane	Greenbush	sneaky peace	43526			
usr854@gt.edu	pass854	France	Suffield	daily curve	66830	0872871475	Home	0
usr855@gt.edu	pass855	Yolando	Perin	daily form	62255	9770493989	Mobile	1
usr856@gt.edu	pass856	Elouise	Flosi	likeable aunt	98604	3617206482	Mobile	0
usr857@gt.edu	pass857	Josephine	Eschberger	hanging children	02638	3391784999	Home	0
usr858@gt.edu	pass858	Caitlin	Coyier	scrawny book	99166	6872965365	Home	1
usr859@gt.edu	pass859	Mari	Skulski	purring collar	04056	1078296570	Mobile	0
usr860@gt.edu	pass860	Cyril	Mallett	clever credit	98623	4793248501	Home	0
usr861@gt.edu	pass861	Veronika	Sayaphon	worried sneeze	99736	7264250188	Home	1
usr862@gt.edu	pass862	Golda	Foller	sparkling camera	24161			
usr863@gt.edu	pass863	My	Maclead	comfortable sleet	30232			
usr864@gt.edu	pass864	Arminda	Sergi	unbecoming man	29166			
usr865@gt.edu	pass865	Dierdre	Restrepo	cute recess	28638			
usr866@gt.edu	pass866	Herminia	Suell	wonderful sleet	77960			
usr867@gt.edu	pass867	Vallie	Kampa	breezy curve	26651			
usr868@gt.edu	pass868	Tawna	Thyberg	grubby nut	33830	1148614522	Home	1
usr869@gt.edu	pass869	Annelle	Isenhower	obedient teeth	95669	7458293679	Mobile	1
usr870@gt.edu	pass870	Ligia	Denooyer	hanging sun	43524	8667629225	Work	0
usr871@gt.edu	pass871	Vi	Goldammer	worried camera	57741	6651537539	Home	1
usr872@gt.edu	pass872	Kayleigh	Karpin	disagreeable slope	19535	6421559874	Mobile	1
usr873@gt.edu	pass873	Nobuko	Poullion	massive walk	07079	2932150416	Mobile	0
usr874@gt.edu	pass874	Frederica	Sweely	purring toy	43951	7629432933	Work	0
usr875@gt.edu	pass875	Frederica	Ogg	disgusting snakes	32083	1996438922	Home	0
usr876@gt.edu	pass876	Oretha	Sawchuk	pricey grape	16734			
usr877@gt.edu	pass877	Jani	Haufler	thick error	41164	3912352159	Mobile	1
usr878@gt.edu	pass878	Stevie	Goldammer	wonderful burst	20035			
usr879@gt.edu	pass879	Jennie	Regusters	breezy foot	48113	7273752064	Home	0
usr880@gt.edu	pass880	Vincent	Pedrozo	ten umbrella	40376			
usr881@gt.edu	pass881	Xochitl	Menter	tested roll	67584			
usr882@gt.edu	pass882	Ryan	Francescon	barbarous coach	62853			
usr883@gt.edu	pass883	Vincenza	Schmaltz	delicious cannon	48414	4899798222	Work	0
usr884@gt.edu	pass884	James	Suell	material umbrella	67447	8602828498	Mobile	0
usr885@gt.edu	pass885	Dulce	Keneipp	stupid form	07881	9248450278	Home	0
usr886@gt.edu	pass886	Tamar	Jayson	likeable vegetable	34653	9970261746	Mobile	0
usr887@gt.edu	pass887	Nana	Smith	nonstop pets	58627	8143187007	Work	0
usr888@gt.edu	pass888	Thaddeus	Nicolozakes	wonderful hook	34950	0785657483	Work	0
usr889@gt.edu	pass889	Carin	Dickerson	likeable straw	38131			
usr890@gt.edu	pass890	Virgina	Kiel	necessary shape	33061	1848814606	Work	0
usr891@gt.edu	pass891	Weldon	Zagen	splendid snakes	06353			
usr892@gt.edu	pass892	Corinne	Restrepo	same passenger	58752			
usr893@gt.edu	pass893	Carin	Harabedian	furtive clam	48916	3752235975	Work	1
usr894@gt.edu	pass894	Fernanda	Menter	massive walk	87061	6392228010	Work	1
usr895@gt.edu	pass895	Jeanice	Poquette	breezy umbrella	29633			
usr896@gt.edu	pass896	Delmy	Lace	wary duck	45688	3238192601	Mobile	0
usr897@gt.edu	pass897	Rosio	Cousey	mere match	92683	4457639593	Home	0
usr898@gt.edu	pass898	Kallie	Wenzinger	accurate chance	39747	6559986545	Home	0
usr899@gt.edu	pass899	Jolene	Scipione	numberless step	93761			
usr900@gt.edu	pass900	Johnetta	Pelkowski	evasive nut	56710	1997045785	Mobile	1
usr901@gt.edu	pass901	Annabelle	Fortino	absorbing touch	04782			
usr902@gt.edu	pass902	Oretha	Tomblin	polite earth	93706			
usr903@gt.edu	pass903	Glenn	Grenet	embarrassed umbrella	93278			
usr904@gt.edu	pass904	Lezlie	Vanausdal	furtive cake	51246	3237437328	Mobile	1
usr905@gt.edu	pass905	Jacqueline	Restrepo	organic bone	70879	9104085389	Home	0
usr906@gt.edu	pass906	Arlene	Mcdoniel	comfortable straw	29078	2340224543	Work	0
usr907@gt.edu	pass907	Arlene	Gobern	abaft bead	24925	4262591136	Home	1
usr908@gt.edu	pass908	Ozell	Swayze	polite wine	07926	3470179300	Mobile	0
usr909@gt.edu	pass909	Judy	Dinos	acceptable planes	68725	0886700758	Home	0
usr910@gt.edu	pass910	Jaclyn	Neither	acceptable chance	04745	3233742061	Work	0
usr911@gt.edu	pass911	Katina	Yum	faithful duck	74546	6314093406	Mobile	1
usr912@gt.edu	pass912	Salome	Royster	complex price	45734	1645462271	Work	1
usr913@gt.edu	pass913	Casie	Burnard	halting credit	66526	5172411424	Mobile	1
usr914@gt.edu	pass914	Valentine	Setter	disagreeable wine	64671	6746292446	Mobile	1
usr915@gt.edu	pass915	Glenn	Spickerman	ambitious nut	23709	1550760061	Work	1
usr916@gt.edu	pass916	Helaine	Raymo	picayune woman	29528			
usr917@gt.edu	pass917	Hoa	Ennaco	ambitious roll	61024	1136396429	Mobile	0
usr918@gt.edu	pass918	Jaclyn	Dilello	abaft insurance	76862			
usr919@gt.edu	pass919	Junita	Rauser	incredible hook	72952	0456853721	Work	1
usr920@gt.edu	pass920	Lisha	Latzke	capricious jar	80013			
usr921@gt.edu	pass921	Viva	Bilden	poor food	54005			
usr922@gt.edu	pass922	Deonna	Yum	steady ink	02181	6683050173	Home	1
usr923@gt.edu	pass923	Rikki	Mauson	nine health	62983			
usr924@gt.edu	pass924	Noah	Bayless	grubby engine	96816	2710345209	Home	0
usr925@gt.edu	pass925	Becky	Herritt	ceaseless fact	02940	2897998682	Home	1
usr926@gt.edu	pass926	Mari	Boord	mere passenger	21160	9747153560	Home	1
usr927@gt.edu	pass927	Dyan	Gotter	nondescript cent	36762	1160784670	Work	0
usr928@gt.edu	pass928	Nan	Skursky	cool story	32080	7349758326	Home	1
usr929@gt.edu	pass929	France	Maillard	numberless step	17033	1768548708	Mobile	1
usr930@gt.edu	pass930	Bette	Suell	calculating stamp	56748	0786480582	Home	0
usr931@gt.edu	pass931	Gilma	Witten	daily rings	62916			
usr932@gt.edu	pass932	Erick	Hoffis	unruly dress	41004			
usr933@gt.edu	pass933	Rolland	Scheyer	grieving cart	15015	3545428029	Home	0
usr934@gt.edu	pass934	Veronika	Paskin	defiant system	84022	8279121557	Mobile	1
usr935@gt.edu	pass935	Venita	Vinning	lackadaisical slave	58790	1511535800	Work	1
usr936@gt.edu	pass936	Elza	Paa	optimal arm	63626	1115158027	Mobile	0
usr937@gt.edu	pass937	Peggie	Sawchuk	large purpose	89711			
usr938@gt.edu	pass938	Martina	Maisto	eminent war	39662	3147573068	Home	1
usr939@gt.edu	pass939	Olive	Lorens	special hook	34429	1341095273	Mobile	0
usr940@gt.edu	pass940	Mona	Zepp	troubled blow	69201	6149764970	Mobile	1
usr941@gt.edu	pass941	Lili	Giguere	chivalrous slave	79912	0318573761	Work	1
usr942@gt.edu	pass942	Francine	Brachle	cool van	23514	9781633383	Home	1
usr943@gt.edu	pass943	Micaela	Bartolet	grieving slope	68938	1785739820	Work	0
usr944@gt.edu	pass944	Ezekiel	Riopelle	damp letter	40550	0516672003	Work	1
usr945@gt.edu	pass945	Lai	Malet	incredible men	83115	5757627104	Home	0
usr946@gt.edu	pass946	Lavera	Karpin	even war	78240	2669196865	Work	1
usr947@gt.edu	pass947	Paris	Zepp	rude toothpaste	01609	3583974607	Work	1
usr948@gt.edu	pass948	Ligia	Delasancha	tight coast	87581	8824276581	Work	0
usr949@gt.edu	pass949	Shonda	Knipp	long-term bird	36270	0735319164	Home	0
usr950@gt.edu	pass950	Alline	Riden	smart temper	91724	7490326862	Home	1
usr951@gt.edu	pass951	Kimbery	Walthall	outrageous trail	15203	9858828123	Home	0
usr952@gt.edu	pass952	Mitzie	Kines	daffy dime	19033	1831817074	Home	0
usr953@gt.edu	pass953	Britt	Merced	material touch	74104	6249368348	Mobile	0
usr954@gt.edu	pass954	Nichelle	Meinerding	makeshift quince	27809	6813737587	Work	1
usr955@gt.edu	pass955	Georgene	Monarrez	trite stamp	76652			
usr956@gt.edu	pass956	Lemuel	Toelkes	likeable crate	48827	3662207452	Mobile	1
usr957@gt.edu	pass957	Fletcher	Villanueva	wandering yam	26343	5468339554	Mobile	0
usr958@gt.edu	pass958	Dorothy	Reitler	likeable kitty	18232	6114946692	Work	1
usr959@gt.edu	pass959	Galen	Estell	powerful chalk	04401			
usr960@gt.edu	pass960	Felicidad	Slayton	towering wine	44450	3572096268	Mobile	1
usr961@gt.edu	pass961	Martina	Threets	wonderful hook	14133	0664161638	Mobile	0
usr962@gt.edu	pass962	Lenna	Bergesen	humdrum gold	29340			
usr963@gt.edu	pass963	Gayla	Bartolet	apathetic rifle	88346			
usr964@gt.edu	pass964	Janine	Daufeldt	likeable aunt	87517	1183641410	Home	0
usr965@gt.edu	pass965	Gwenn	Syrop	madly spy	83340	0786387430	Home	1
usr966@gt.edu	pass966	Donette	Perin	charming circle	26630	8919292402	Work	0
usr967@gt.edu	pass967	Glendora	Ryser	silent wine	49279	9910957507	Home	1
usr968@gt.edu	pass968	Annmarie	Steier	eatable coat	41730			
usr969@gt.edu	pass969	Catalina	Rodeigues	versed circle	77292	1821438067	Home	0
usr970@gt.edu	pass970	Virgie	Slusarski	long-term credit	12861	1751731639	Mobile	0
usr971@gt.edu	pass971	Kerry	Montezuma	stupid cows	99206	1259364029	Home	1
usr972@gt.edu	pass972	Graciela	Butzen	remarkable circle	15238	9113095170	Work	1
usr973@gt.edu	pass973	Merlyn	Scriven	abaft insurance	14021	7635016352	Mobile	0
usr974@gt.edu	pass974	Valentin	Turinetti	secretive seashore	72204			
usr975@gt.edu	pass975	Roxane	Koppinger	sudden kitty	84771			
usr976@gt.edu	pass976	Helene	Tomblin	guttural coast	37684			
usr977@gt.edu	pass977	Nieves	Myricks	towering battle	39530			
usr978@gt.edu	pass978	Ettie	Hudnall	chief health	72465	2218789128	Work	1
usr979@gt.edu	pass979	Carissa	Ruta	embarrassed authority	30030			
usr980@gt.edu	pass980	Lashandra	Nievas	picayune woman	32317	2302540725	Home	0
usr981@gt.edu	pass981	Valentine	Halsey	eatable coat	24236	7230209973	Work	0
usr982@gt.edu	pass982	Lemuel	Campain	powerful chalk	64160	3665781726	Home	1
usr983@gt.edu	pass983	Alisha	Bubash	polite knee	44417	6494919762	Work	1
usr984@gt.edu	pass984	Samira	Iturbide	condemned battle	62649			
usr985@gt.edu	pass985	Lai	Crupi	glamorous nose	24832	0111156125	Work	1
usr986@gt.edu	pass986	Chau	Kitzman	damp seat	87326	1611038395	Mobile	1
usr987@gt.edu	pass987	Thaddeus	Nabours	acid side	85532	1625201661	Work	0
usr988@gt.edu	pass988	Ezekiel	Vanausdal	clever planes	47702	4294551168	Work	1
usr989@gt.edu	pass989	Donte	Bayless	acid jam	67233			
usr990@gt.edu	pass990	Scarlet	Manno	poor story	19118	5951964553	Mobile	1
usr991@gt.edu	pass991	Fannie	Kannady	rightful coat	16049	6617618468	Mobile	1
usr992@gt.edu	pass992	Viva	Keneipp	eatable error	97701	8563000690	Mobile	0
usr993@gt.edu	pass993	Margart	Pedrozo	encouraging wrench	69029	4643113096	Work	0
usr994@gt.edu	pass994	Glenna	Brachle	excellent cows	02906	6692156381	Mobile	1
usr995@gt.edu	pass995	Herman	Felger	rightful seashore	91103	6232497111	Mobile	0
usr996@gt.edu	pass996	Natalie	Royster	furtive clam	61030	1685703808	Home	0
usr997@gt.edu	pass997	Cecilia	Coyier	halting credit	40380	0817986782	Home	1
usr998@gt.edu	pass998	Glenna	Koppinger	longing children	98833	7316004166	Work	0
usr999@gt.edu	pass999	Malinda	Claucherty	uninterested peace	61360	3687341136	Work	1
